Titles,Headings
انٽرنيشنل,سڄي دنيا ۾ 4.2 ارب کان وڌيڪج ماڻهو جيڪا دنيا جي اڌ آبادي آهي، اها 2024ع ۾ پنهنجن پنهنجن ملڪن ۾ ٿيندڙ چونڊن ۾ حصو وٺندا
انٽرنيشنل,پرڏيهي ٿنڪ ٽينڪ اٽلانٽڪ ڪائونسل موجب 78 ملڪ ايندڙ سال 83 قومي سطح يا ٻيو چونڊون ڪرائيندا ۽ پوءِ دنيا ۾ ائين 2048ع تائين ٻيهر ڏسڻ ۾ نه ايندو
انٽرنيشنل,سڄي دنيا ۾ چونڊن جو سلسلو جنوري جي پهرين هفتي ۾ شروع ٿيندو ۽ ان دوران ايشيائي ملڪن جا شهري سڀ کان وڌيڪ پنهنجي راءِ جي حق جو استعمال ڪندا
انٽرنيشنل,جنوري ۾ بنگلاديش جڏهن به فيبروري ۾ پاڪستان ۽ انڊونيشيا ۾ چونڊون ٿينديون جڏهن ته مئي ۾ ڏکڻ آفريقا ۾ به چونڊون ٿينديون
انٽرنيشنل,رپورٽس موجب برازيل ۽ ترڪيه جهڙن ڪجهه ملڪن ۾ عام چونڊون نه ٿينديون پر اتي مقامي يا مڪاني چونڊون ٿينديون جنهن ۾ سڄو ملڪ حصو وٺندو
انٽرنيشنل, اهڙيءَ طرح يورپي يونين جي 27 ميمبر ملڪن جي بلاڪ جون ايندڙ پارليامينٽ جون چونڊون ٿينديون
انٽرنيشنل,آمريڪا ۽روس ۾ به صدارتي اليڪشن 2024ع ۾ ٿيندي جڏهن ته جي 7* جي 20 ۾ شامل ڪجهه ملڪن ۾ به ايندڙ سال چونڊون ٿينديون
انٽرنيشنل,ان کانسواءِ 2024ع ۾ الجيريا، گھانا، چاڊ، تونيسيا، نميبيا ۽ روانڊا سميت ٻين ملڪن ۾به اليڪشن شيڊول آهن
انٽرنيشنل,يورپ۾ به ايندڙ 12 مهينن ۾ 10 کان وڌيڪ پارلياماني ۽ صدارتي چونڊون ٿيڻيون آهن جتي فن لينڊ،بيلاروس، پرتگال، يوڪرين، سلواڪيا، آئيس لينڊ، بيلجيئم، يورپي پارليامينٽ،ڪروشيا، جارجيا ۽ رومانيا ۾ ووٽ وڌا ويندا
نيشنل,ڪراچي (ويب ڊيسڪ) پي ٽي آءِ جي سرگرم سوشل ميڊيا ايڪٽوسٽ صنم جاويد لاهور مان صوبائي اسيمبلي جي تڪ پي پي 150 تان نامزدگي ڪاغذ جمع ڪرائيندي
نيشنل,صنم جاويد سوشل ميڊيا تي پي ٽي آءِ جي پرجوش ۽ سرگرم حامي جي طور تي سڃاتي وڃي ٿي ۽ عمران خان حڪومت جي خاتمي بعد هو سياسي سرگرمين ۾ ڏٺي وئي آهي
نيشنل,سندس پيءُ جو چوڻ آهي ته صنم جي ٽڪيٽ 100 سيڪڙو پڪي ٿي چڪي آهي
نيشنل,اسلام آباد (ويب ڊيسڪ) نگران وزيراعظم انوار الحق ڪاڪڙ چيو آهي ته ڪنهن کي سياسي ميدان مان بي دخل ڪرڻ جي پاليسي حڪومت جي ناهي، جيڪڏهن چونڊ عمل کان ڪنهن کي روڪيو ويو ته جاچ ڪنداسين
نيشنل,نجي ٽي وي چئنل کي انٽرويو ۾ انوار الحق ڪاڪڙ چيو ته پي ٽي آءِ باني سان ڪجهه مختلف نه ٿيڻ وارو هو، اهڙي ڪهڙي قيامت ٽٽي پئي جو 9 مئي تي سڄي ملڪ ۾ ڀڃ ڊاهه ڪئي وئي
نيشنل,هن چيو سمجهان ٿو ته 9 مئي ۾ ملوث ماڻهن کي عوامي نمائندو نه هجڻ گهرجي ۽ اهو به نٿو سمجهان ته سڄي تحريڪ انصاف کي 9 مئي سان جوڙيو وڃي
نيشنل,سندس چوڻ هو ليول پليئنگ فيلڊ بابت شڪايتون اينديون ته ڏسنداسين، ڪنهن کي سياسي ميدان کان بي دخل ڪرڻ جي حڪومت جي پاليسي ناهي، ڪنهن کي چونڊ عمل کان روڪيو ويو ته جاچ ڪنداسين ۽ ان حوالي سان الڪيشن ڪميشن سان به ڳالهائينداسين
نيشنل,نگران وزيراعظم چيو ته مان پارٽي طور 2013 ۽ 2018 ۾ پي ٽي آءِ کي ووٽ ڏنو ۽ مون کي ان تي ڪا شرمندگي ناهي، مان هڪ دور کان پي ٽي آءِ جو دفاع ڪيو، پي ٽي آءِ حڪومت مان اميد هئي ته اها گورننس ۽ معيشت کي بهتر ڪندي
نيشنل,اسلام آباد (ويب ڊيسڪ) مذهبي معاملن بابت نگران وفاقي وزير انيق احمد چيو آهي ته هن ڀيري عورتن کي پهريون ڀيرو عبايو به ڏنو ويندو، جنهن تي پاڪستاني پرچم هوندو، حج تي ويندڙ سمورا ماڻهو پاڪستان جا سفير آهن
نيشنل,اهڙن خيالن جو اظهار هن اسلامي يونيورسٽي ۾ حاجين جي ماسٽر ٽرينرز جي 5 ڏينهن جي تربيت کانپوءِ پڄاڻي واري تقريب سان خطاب ڪندي ڪيو
نيشنل,هن چيو ته حج پاڻ کان خدا تائين سفر جو نالو آهي، توهان حج تي ويندڙن جي ڀرپور رهنمائي ڪري رهيا آهيو
نيشنل,اسلام آباد (ويب ڊيسڪ) اسلام آباد ۾ ڊيوٽي تي مقرر اهلڪار کي نانگ ڏنگي ورتو
نيشنل,ذريعن موجب ڊپلوميٽڪ انڪليو ڀرسان ڊيوٽي تي مقرر ذيشان نالي اهلڪار کي نانگ ڏنگيو، جنهن کانپوءِ کيس فوري طور استعمال منتقل ڪيو ويو
نيشنل,ذريعن جو چوڻ آهي ته اسلام آباد پوليس ڪانسٽيبل سان اهو واقعو نيو فائرنگ رينج ايريا ۾ پيش آيو، نانگ اهلڪار کي هٿ تي ڏنگيو
نيشنل,اسلام آباد (ويب ڊيسڪ) وزيراعظم جي صلاحڪار احد چيما کي عهدي تان هٽائڻ جي معاملي تي نگران حڪومت خلاف توهين اليڪشن ڪميشن ڪيس ٻڌڻي لاءِ مقرر ڪيو ويو
نيشنل,اليڪشن ڪميشن آف پاڪستان نگران حڪومت خلاف توهين اليڪشن ڪميشن ڪيس 26 ڊسمبر تي صبح 10 وڳي ٻڌڻي لاءِ مقرر ڪري ورتو
نيشنل,اليڪشن ڪميشن سيڪريٽري، ڪابينا ڊويزن سيڪريٽري کي خط ۾ چيو هو ته اليڪشن ڪميشن وزيراعظم جي صلاحڪار احد چيما کي هٽائڻ بابت عملدرآمد رپورٽ گهري هئي، احد چيما کي صلاحڪار جي عهدي تان هٽائڻ لاءِ ڪا به رپورٽ جمع نه ڪرائي وئي
نيشنل,اليڪشن ڪميشن احد چيما جي معاملي تي سختي سان نوٽيس ورتو آهي ۽ 26 ڊسمبر تي ڪيس جي ٻڌڻي ڪئي ويندي
نيشنل,ڪميشن موجب احد چيما کي نه هٽايو ويو ته وزيراعظم جو سيڪريٽري ۽ ڪابينا ڊويزن سيڪريٽري ذاتي حيثيت ۾ پيش ٿين
نيشنل,واضح رهي ته اليڪشن ڪميشن احد چيما کي فوري طور عهدي تان هٽائڻ جو حڪم ڏيندي چيو هو ته هو چونڊن تي اثرانداز ٿي سگهي ٿو
نيشنل,راولپنڊي (ويب ڊيسڪ) اڳوڻي وفاقي وزير چوڌري نثار چيو آهي ته مان ڪنهن پارٽي جو پڇ پڪڙي نه پر عوام جو هٿ پڪڙي چونڊ کٽڻ چاهيان ٿو
نيشنل,چونڊ جلسي کي خطاب ڪندي چوڌري نثار چيو ته موجوده حالتن ۾ ڪو معجزو ئي پاڪستان کي بچائي سگهي ٿو پر خاطري ٿو ڪرايان ته جيڪڏهن اسيمبلي ۾ پهتس ته ان معجزي ۾ ڪردار ادا ڪندس
نيشنل,هن چيو ته مان ووٽ نه ڪردار تي يقين رکان ٿو، هتي منهنجون خدمتون سڀني کي نظر اچي رهيون آهن، منهنجي خدمت جو نشان هنڌ هنڌ موجود آهي، منهنجي مخالفن رڳو هڪ روڊ ٺاهيو پر منهنجي دور ۾ هن علائقي ۾ ترقياتي ڪم ٿيا
نيشنل,سندس چوڻ هو ته مان ڪڏهن امانت ۾ خيانت نه ڪئي، ڪڏهن ڪرپشن نه هئي، ڪنهن تي تنقيد ڪري ووٽ نٿو وٺڻ چاهيان، تنقيد شروع ڪئي ته ڊگهي ڪهاڻي آهي
نيشنل,لاهور (ويب ڊيسڪ) آءِ ايس آءِ فيصل آباد آفيس تي حملي سميت 50 ڄڻن جو قاتل پوليس مقابلي ۾ پنهنجي ساٿي سوڌو مارجي ويو
نيشنل,سي ٽي ڊي اختيارين موجب چنيوٽ جي علائقي ۾ انٽيليجنس بيسڊ ڪارروائي ڪئي وئي، آپريشن دوران دهشتگردن مزاحمت ڪئي، ٻنهي پاسن کان فائرنگ جي ڏي وٺ ٿي
نيشنل,اختيارين ٻڌايو ته غضنفر نويد سان گڏ مارجي ويل ٻئي دهشتگرد جي سڃاڻپ جي ڪوشش ڪئي پئي وڃي
نيشنل,دهشتگرد جي سر جي قيمت 25 لک رپريا مقرر هئي، غضنفر نديم 2011 کان مفرور هو ۽ مختلف ادارا ان جي ڳولا ۾ هئا، هو مذهبي نفرت تي ٻڌل دهشتگردي جو ماسٽر مائينڊ هو
نيشنل,ڪارروائي دوران دهشتگردن جي ٺڪاڻي مان بارود ۽ جديد هٿيار به قبضي ۾ ورتا ويا
نيشنل,سي ٽي ڊي موجب غضنفر نديم عرف خالد حبيب کي مختلف نالن سان سڏيو ويندو هو، دهشتگرد فيصل آباد ۾ آءِ ايس آءِ آفيس تي حملي سميت 11 وڏين ڪارروائين ۾ ملوث هو
نيشنل,اسلام آباد (ويب ڊيسڪ) ناڻي واري وزارت فنڊ ۽ پگهارون جاري ڪرڻ جي حوالي سان وضاحت ڪئي آهي ته ان ۾ دير جي خبرن ۾ ڪا صداقت ناهي
نيشنل,ناڻي واري وزارت جي ترجمان موجب پاڪستان آءِ ايم ايف پروگرام تحت سمورا واعدا پورا ڪري رهيو آهي، ٻين ٽن مهينن لاءِ پگهارن ۽ پينشن جي ادائيگي جا فنڊ اڳ ئي جاري ٿي چڪا آهن
نيشنل,ترجمان ٻڌايو ته ترقياتي خرچن جي فنڊن جو اختيار پلاننگ ۽ ڊيولپمينٽ اينڊ اسپيشل انيشيئيٽو ڊويزن وٽ آهي، فنانس ۽ پلاننگ ڊويزن جي رليز حڪمت عملي ۾ ڪا تبديلي ناهي ڪئي وئي
نيشنل,ترجمان چيو ته بينظير انڪم سپورٽ پروگرام لاءِ ٻين ٽن مهينن جا سمورا فنڊ جاري ڪيا ويا آهن، بي آءِ ايس پي جا فنڊ منتقل ٿي رهيا آهن
نيشنل,فنانس ڊويزن ترجمان موجب بجلي جي شعبي کي سبسڊي ڏيڻ لاءِ سمورا فنڊ دستياب ڪرايا ويا، ڪرسمس کان اڳ عيسائي برادري کي پگهارون جاري ڪرڻ جو عمل يقيني بڻايو ويو
نيشنل,ناڻي واري وزارت ٻڌايو ته ٽيڪس وصولي ۽ وزارتن طرفان اين ٽي آر جي وصولي مڪمل طور ٽريڪ تي آهي
نيشنل,پشاور (ويب ڊيسڪ) اڳوڻي قومي اسيمبلي ميمبر نور عالم خان جمعيت علماءِ اسلام (ف) ۾ شموليت جو فيصلو ڪري ورتو
نيشنل,پبلڪ اڪائونٽس ڪميٽي جو اڳوڻو چيئرمين نور عالم خان جي يو آءِ ۾ شموليت جو باضابطا طور اعلان مولانا فضل الرحمان سان گڏ پريس ڪانفرنس ۾ ڪندو
نيشنل,ذريعن جو چوڻ آهي ته نور عالم خان 2024 جي عام چونڊن ۾ جمعيت علماءِ اسلام جي ٽڪيٽ تان وڙهندو
نيشنل,واضح رهي ته نور عالم خان 2018 جي عام چونڊن ۾ تحريڪ انصاف جي ٽڪيٽ تان حصو ورتو هو
نيشنل,اسلام آباد (ويب ڊيسڪ) پي ٽي آءِ باني عمران خان عام چونڊن ۾ حصو وٺڻ لاءِ سپريم ڪورٽ سان رابطو ڪري ورتو
نيشنل,عمران خان ايڊووڪيٽ لطيف کوسا ذريعي اسلام آباد هاءِ ڪورٽ جي فيصلي خلاف سپريم ڪورٽ ۾ اپيل داخل ڪندي موقف اختيار ڪيو ته چونڊن کان اڳ مون کي نااهل ڪرڻ بنيادي حقن جي خلاف آهي
نيشنل,هن چيو ته اليڪشن ڪميشن تڪڙ جو مظاهرو ڪري مون کي 8 آگسٽ تي آرٽيڪل 62 ون ايف تحت 5 سالن لاءِ نااهل قرار ڏنو، جڏهن ته تحريڪ انصاف کي پارٽي نشان کان به محروم ڪيو ويو
نيشنل,عمران خان اپيل ڪئي ته اسلام آباد هاءِ ڪورٽ جو فيصلو ڪالعدم قرار ڏنو وڃي ۽ توشا خانا ڪيس ۾ سزا جو فيصلو معطل ڪيو وڃي، توشا خانا ڪيس ۾ سزا اڳ ئي معطل ٿي چڪي آهي پر هاءِ ڪورٽ رڳو سزا معطل ڪئي سڄو فيصلو نه، هاءِ ڪورٽ جي فيصلي ۾ غلطي جو اليڪشن ڪميشن فائدو ورتو ۽ نااهلي جو نوٽيفڪيشن جاري ڪري ڇڏيو
سنڌ سماچار,ڪراچي (ويب ڊيسڪ) پوليس اختيارين انڪشاف ڪيو آهي ته ڪينٽ اسٽيشن تي ٽرين مان ملندڙ بم جو امڪاني هدف سکر هو
سنڌ سماچار,ڪراچي ڪينٽ اسٽيشن تي ٽرين مان بم ملڻ جي واقعي ۾ پوليس جي شروعاتي جاچ مڪمل ٿي وئي، اختيارين جو چوڻ آهي ته بم جو امڪاني هدف سنڌ جو علائقو سکر هو
سنڌ سماچار,ڊي آءِ جي ڏکڻ اسد رضا موجب ڪيس ڪينٽ ريلوي اسٽيشن ٿاڻي تي داخل ڪيو ويندو، شروعاتي جاچ موجب بم پشاور اسٽيشن تان ٽرين ۾ رکيو ويو، پشاور کان ڪراچي تائين مختلف اسٽيشنز جا فوٽيج حاصل ڪيا پيا وڃن
سنڌ سماچار,اسد رضا ٻڌايو ته ٽائمر موجب بم ڦاٽڻ جو وقت منجهند 12 وڳي جو هو، 12 وڳي ٽرين سکر روهڙي جنڪشن تي هئي پر ڊوائس ناڪارا ٿيڻ سبب بم نه ڦاٽي سگهيو
سنڌ سماچار,هن چيو ڪينٽ اسٽيشن تي ٽرين اچي بيٺي ته هڪ ڪلاڪ کانپوءِ پوليس کي بم جو اطلاع مليو، ٽرين ۾ موجود شڪي ٿيلهي جو اطلاع ريلوي جي عملي ڏنو، ريلوي جي عملي کان به پڇا ڳاڇا ڪئي پئي وڃي
سنڌ سماچار,بم ڊسپوزل يونٽ جي شروعاتي رپورٽ ۾ چيو ويو آهي ته بم 4 کان 5 ڪلو گرام وزني هو ۽ ان ۾ اڍائي ڪلو تائين بارودي مواد هو
سنڌ سماچار,واضح رهي ته گذريل رات ڪينٽ اسٽيشن پليٽ فارم نمبر 2 تي ٽرين ۾ بم جو اطلاع ملڻ تي بم ڊسپوزل اسڪواڊ پهچي ان کي ناڪارا بڻائي ڇڏيو هو
سنڌ سماچار,ڪراچي (ويب ڊيسڪ)جي ڪينٽ اسٽيشن تي شڪي سامان جي اطلاع تي بم ڊسپوزل اسڪواڊ کي گھرايو ويو 
سنڌ سماچار,نوابشاهه (ويب ڊيسڪ) 2024ع جي عام چونڊن ۾ حصو وٺڻ لاءِ اڳوڻي صدر آصف علي زرداري جا نامزدگي ڪاغذ جمع ڪرايا ويا
سنڌ سماچار,نوابشاهه ۾ قومي اسيمبلي جيتڪ اين اي 207 تي آصف علي زرداري جا نامزدگي ڪاغذ جمع ڪرايا ويا
سنڌ سماچار,اڳوڻي صدر ۽ پ پ پارليامينٽيرينز جي چيئرمين آصف زرداري جا نامزدگي ڪاغذ سندس ڀيڻ عذا فضل پيچوهو جمع ڪرايا
سنڌ سماچار,انهيءَ تڪ تي پي ٽي آءِ هي فاروق چانڊيو ۽ جي ڊي اي جي زاهد شاهه به نامزدگي ڪاغذ جمع ڪرايا آهن
سنڌ سماچار,ٻي پاسي پاسي سنڌ جي اڳوڻي وزير وزير سيد مراد علي شاهه به پي ايس 77 سيهوڻ تان نامزدگي ڪاغذ جمع ڪرائي ڇڏيا آهن
سنڌ سماچار,نامزدگي ڪاغذ جمع ڪرائڻ کان پوءِ ميڊيا سان ڳالهائيندي مراد علي شاهه جو چوڻ هو ته چونڊن ۾ پ پ جي ڪاميابي ڏسي رهيو آهيان، سنڌ سميت سڄي پاڪستان مان ماڻهو پ پ ۾ شامل ٿي رهيا آهن
سنڌ سماچار,ڪراچي (ويب ڊيسڪ) متحده قومي موومينٽ (ايم ڪيو ايم) پاڪستان جي اڳواڻ فاروق ستار چيو آهي ته ايم ڪيو ايم ڪراچي ۽ حيدرآباد ۾ قومي اسيمبلي جي سيٽن تي ڪلين سوئيپ ڪندي
سنڌ سماچار,ڪراچي جي تڪ اين اي 244 تي نامزدگي ڪاغذ جمع ڪرائڻ کان پوءِ ميڊيا سان ڳالهائيندي فاروق ستار جو چوڻ هو ته ايم ڪيو ايم نوجوانن کي موقعو ڏئي رهي آهي
سنڌ سماچار,هن چيو ته ايم ڪيو ايم جي بنيادي مطالبي کي مڃي نامزدگي ڪاغذن لاءِ وقت وڌايو ويو
سنڌ سماچار, اسان اليڪشن ڪميشن جا ٿورائتا آهيون
سنڌ سماچار,سندس چوڻ هو ته ايم ڪيو ايم ۾ عوامي حلقا آهن ۽ منشوري جي تياري جي آخري مرحلن ۾ آهي
سنڌ سماچار,فاروق ستار چيو ته چونڊن کان اڳ ڳالهيون ٿيڻ گھرجن، قومي مفاهمت ۽ اتفاق ٿيڻ گھرجي
سنڌ سماچار,سندس چوڻ هو ته عوام جا مسئلا حل ڪرڻ لاءِ ضلعن کي بااختيار بنائڻو پوندو
سنڌ سماچار,ڪراچي (ويب ڊيسڪ) پاڪستان پيپلز پارٽي جي اڳواڻ منظور وساڻ چيو آهي ته جيئن پي ٽي آءِ جي باني عمران خان کي آندو ويو هوائين ئي نواز شريف کي آڻڻ جي تيار ڪئي پئي وڃي
سنڌ سماچار,منظور وساڻ جو چوڻ هوته چونڊن ۾ ڪنهن به جماعت کي اڪثريت نه ملندي پر وفاق ۾ پ پ جي حڪومت بڻجي سگھي ٿي
سنڌ سماچار,هن چيو ته پي ٽي آءِ سوڌو هر جماعت کي ليول پليئنگ فيلڊ ملڻ گھرجي
سنڌ سماچار,ڪراچي (ويب ڊيسڪ) ڪراچي ۾ 25 ڊسمبر کان ٿڌ جي شدت ۾ گھٽتائي جو امڪان آهي
سنڌ سماچار,موسمياتي تجزيه ڪار موجب شهر جو گھٽ ۾ گھٽ گرمي پد 12 کان 14 ڊگري سينٽي گريڊ رهڻ جو امڪان آهي ۽ ڏينهن جي وقت گرمي پد 28 کان 29 ڊگري سينٽي گريڊ تائين رهي سگھي ٿو
سنڌ سماچار,موسمياتي تجزيه ڪار ٻڌايو ته جنوري جي شروعات ۾ شهر ۾ ٻيهر ٿڌ جي شدت ۾ اضافي جو امڪان آهي
سنڌ سماچار,موسمياتي تجزيي ڪار موجب ايندڙ 2 کان 3 ڏينهن دوران شهر ۾ ڪٿي ڪٿي ڦڙ ڦڙ جو امڪان به آهي
سنڌ سماچار,ڪراچي (ويب ڊيسڪ) حضرت لعل شهباز قلندر جي درگاهه تان هڪ ڪروڙ رپين کان وڌيڪ جو سون چوري ٿيڻ جوانڪشاف ٿيو آهي
سنڌ سماچار,رپورٽ موجب حضرت لعل شهباز قلندر جي درگاهه تان هڪ مهيني ۾ هڪ ڪروڙ 23 لک 72 هزار 863 رپين جو نذراني ۾ ڏنو سون چوڳري ٿيو جنهن کان پوءِ اوقاف کاتي جي نگران وزير عمر سومري درگاهه جي مئنيجر کي معطل ڪري ڪيس داخل ڪرڻ جو حڪم ڏئي ڇڏيو آهي
سنڌ سماچار,اوقاف کاتي جي ترجمان ٻڌايو ته جاچ ڪميٽي آڏو درگاهه جي مئنيجر زبير بلوچ پنهنجي چوريءَ جو ڏوهه قبول ڪيو آهي
سنڌ سماچار,عمر سومرو جو چوڻ هو ته مئنيجر زبير بلوچ کي معطل ڪري ڪيس داخل ڪرڻ سان گڏ ڪيس اينٽي ڪرپشن کي موڪلڻ جو حڪم ڏنو آهي، مئنيجر جي پگھار پينشن به روڪڻ جا حڪم ڏئي ڇڏيا آهن جڏهن ته اينٽي ڪرپشن کي لکي ڇڏيو آهي ته زبير بلوچ کان سون چوري ڪرڻ جي فوري روڪوري ڪئي وڃي
سنڌ سماچار,نگران وزير جو چوڻ هو ته ان سان گڏوگڏ سڀني درگاهن جي مئنيجرز خلاف به جاچ ٿيندي
سنڌ سماچار,ذريعن موجب سيڪريٽري منور مهيسر زبير بلوچ کي حضرت لعل شهباز قلندر جي درگاهه تي مئنيجر مقرر ڪيو هو ۽ زبير بلوچ رٽائر ٿيڻ جي ويجهو آهي جڏهن ته ڪيترن ئي سان کان نذراني جي باڪس جي چاٻي هن وٽ هوندي آهي
نيشنل,ڪراچي (ويب ڊيسڪ) ڪجهه ڏينهن اڳ لاهور جي پوليس پاران وڏي ڪارروائي ڪندي لاهور جي هڪ ڇوڪري کي سنڌ بلوچستان جي دنگ وٽان هڪ علائقي مان بازياب ڪرايو آهي جتي کيس نائون ڀيرو وڪرو ڪيو ويو هو
سنڌ سماچار,اسلام آباد(م ڊ) ناليواري سينئر صحافي حامد مير چيو آهي ته جيڪي بندوق جي زور تي پاڻ کي مضبوط سمجهن ٿا، اهي ياد رکن  بلوچستان جي اڪثريتي مائرن، ڀينرن ۽ ڌيئرن جون دليون اوهان جي خلاف نفرت سان ڀريل آهن، توهان بغير بندوق جي انهن وٽ وڃي ڏيکاريو،ان کان اڳ حامد مير اسلام آباد ۾ بلوچ عورتن کي زبردستي ڪوئيٽا بدر ڪرڻ جي اطلاعن تي ٿاڻي تي پهتو جتي نياڻين کي زوري بسن ۾ ويهاريو پئي ويو، ان موقعي تي هڪ بلوچ نياڻي حامد مير کي ڀاڪر پائي بچائڻ جون اپيلون ڪندي رهي، جڏهن ته حامد مير ڪاوڙ ۾ پوليس آفيسرن ڏانهن بيوسي سان ڏسندو رهيو
سنڌ سماچار,حيدرآباد(رپورٽر)شهيد محترمه بينظير ڀٽو جي انٽرويوز تي مشتمل ڪتاب فيس ٽو فيس جي ليکڪ ، مشهور صحافي ۽ ڪالم نويس  زاهد حسين چيو آهي ته 70 سيڪڙو ٽي وي چينل جي مالڪن ۽ انهن چينلن جي اينڪر پرسنز جو صحافت سان پري پري تائين ڪو تعلق نه آهي ۽ نه ئي اهي صحافتي گهرجن تي پورا لهن ٿا
سنڌ سماچار, اهڙو اظهار ڪالهه هن حيدرآباد پريس ڪلب ۾ صحافين سان ملاقات دوارن ڳالهائيندي ڪيو
سنڌ سماچار, هن چيو ته اليڪٽرانڪ ميڊيا صحافت جو ٽرينڊ تبديل ڪري ڇڏيو آهي هن چيو ته ماضي جو ڪجهه دور صحافت لاءِ بدترين دور هو پر ان جي باوجود صحافي مزاحمت ڪندا هئا اڄ جيڪا ٿوري گهڻي صحافتي آزادي آهي اها ان صحافتي مزاحمت جي ڪري آهي هن چيو ته ماضي ۽ حال کي ڀيٽيو وڃي ته انهن ۾ ڪو به فرق محسوس نه ٿو ٿئي 30 سال اڳ ۾ جيڪي سياسي ۽ سماجي اشوز هئا اهي اڄ به جيئن جو تيئن موجود آهن ۽ انهن ۾ ڪا به تبديلي نه آئي آهي 30 سال اڳ ۾ عوامي مسئلن جي حل لاءِ هر وقت جدوجهد جاري رهندي هئي ۽ بهتريءَ جي اميد نظر ايندي هئي پر هاڻي ائين لڳي رهيو آهي ڄڻ بند گهٽي ۾ پهچي ويا هجون ، هن چيو ته موجوده دور ۾ غير مهذب سياست کي هٿي ملي آهي ، سياست فيملي انٽرپرائيزز ٿي وئي آهي ۽ لڳ ڀڳ سڀ سياسي پارٽيون غير مهذب بڻجي ويون آهن
سنڌ سماچار, جنهن سبب ملڪ ۽ قوم مستحڪم ٿيڻ بدران غير مستحڪم ٿي رهيا آهن هن چيو ته ميڊيا ۾ سينسر شپ پهريان به هوندي هئي پر هاڻي اها تمام گهڻي وڌي وئي آهي هر چينل ۽ اخبار ۾ ساڳيون خبرون نظر اچن ٿيون  ان موقعي تي حيدرآباد پريس ڪلب جي سيڪريٽري جنرل حميد الرحمان ميزباني جو فرض سرنجام ڏنو ، آخر ۾ ڪتاب جي ليکڪ زاهد حسين ۽ پبلشر امينه سيد کي سنڌ جا روايتي تحفه به پيش ڪيا ويا
سنڌ سماچار,ڪراچي (ويب ڊيسڪ) ڪراچي جي علائقي اورنگي ٽائون ۾ ڦر مزاحمت تي دڪاندار قتل ٿي ويو، جڏهن ته شهرين جي تشدد ۾ 3 ڦورو به مارجي ويا
سنڌ سماچار,پوليس موجب اورنگي ٽائون ۾ جانورن جي چاري جي دڪان ۾ 3 جوابدار داخل ٿيا ۽ ڦرلٽ جي ڪوشش ڪئي، مزاحمت تي جوابدار فائرنگ ڪري فرار ٿيڻ لڳا
سنڌ سماچار,ڦورن جي فائرنگ ۾ دڪاندار مارجي ويو، جنهن جي سڃاڻپ شهروز جي نالي سان ٿي، ان دوران ماڻهن پهچي ٽنهي جوابدارن کي پڪڙي ورتو ۽ کين سخت تشدد جو نشانو بڻايو
سنڌ سماچار,اطلاع تي پوليس جي وڏي نفري پهچي وڏي ڪوششن سان جوابدارن کي بچايو ۽ ٽنهي کي ڳڻتيءَ جوڳي حالت ۾ اسپتال نيو ويو
سنڌ سماچار,پوليس اختيارين موجب ٽنهي فورن علاج دوران اسپتال ۾ دم ڏئي ڇڏيو، في الحال جوابدارن جي سڃاڻپ ناهي ٿي سگهي
سنڌ سماچار,ڪراچي (ويب ڊيسڪ) سنڌ هاءِ ڪورٽ ڪراچي مان 15 ڏينهن ۾ سمورا بل بورڊ، بئنر ۽ پوسٽر هٽائڻ جو حڪم ڏئي ڇڏيو ۽ پوليس کي هدايت ڪئي آهي ته بل بورڊز ۽ هورڊنگز لڳائيندڙن خلاف ڪيس داخل ڪيا وڃن
سنڌ سماچار,سنڌ هاءِ ڪورٽ ۾ ڪراچي ۾ عوامي هنڌن تي لڳايل بل بورڊن تي پابندي جي ڪيس جي ٻڌڻي ٿي، درخواستگذار موقف پيش ڪيو ته سپريم ڪورٽ 2016 ۾ بل بورڊن تي پابندي جو فيصلو ڏنو هو پر پابندي باوجود عوامي هنڌن تي بل بورڊ لڳايا پيا وڃن
سنڌ سماچار,سنڌ هاءِ ڪورٽ سپريم ڪورٽ جي حڪمن تي عملدرآمد بابت اهم فيصلو ڏيندي چيو ته 15 ڏينهن اندر شهر ۾ لڳل سمورا بل بورڊ، بئنر ۽ پوسٽر هٽايا وڃن
سنڌ سماچار,عدالت ڪنٽونمينٽ ايگزيڪيوٽ کي عدالتي حڪم تي عملدرآمد ڪرائڻ جي هدايت جاري ڪندي حڪم ڏنو ته ڪراچي جو ميئر ۽ ڊپٽي ڪمشنر عوامي هنڌن تان بل بورڊ هٽرائين، جڏهن ته ڪنٽونمينٽ ايگزيڪيوٽو ايس ايس پيز ذريعي عدالتي حڪمن تي عمل ڪرائي
سنڌ سماچار,عدالت پوليس کي بل بورڊ لڳائيندڙن خلاف ڪارروائي جو حڪم ڏيندي چيو ته بل بورڊز ۽ هورڊنگز لڳائيندڙن خلاف ڪيس داخل ڪيا وڃن ۽ عدالتي حڪمن تي عملدرآمد ڪرائي تفصيلي رپورٽ پيش ڪئي وڃي
سنڌ سماچار,عدالت ڪيس جي وڌيڪ ٻڌڻي 18 جنوري تائين ملتوي ڪري ڇڏي
سنڌ سماچار,خيرپور (ويب ڊيسڪ) پ پ اڳواڻ منظور وساڻ چيو آهي ته 2018 ۾ جيڪو پي ٽي آءِ باني لاءِ ڪيو ويو، هاڻ اهو نواز شريف لاءِ ٿي رهيو آهي
سنڌ سماچار,خيرپور ۾ صحافين سان ڳالهائيندي منظور وساڻ چيو ته هر جماعت کي فري اينڊ فيئر اليڪشن وڙهڻ جو حق ڏنو وڃي، پي ٽي آءِ باني به چونڊ وڙهي سگهي ٿو، جلد خبر پئجي ويندي، پي ٽي آءِ سميت هر جماعت کي ليول پليئنگ فيلڊ ملڻ گهرجي
سنڌ سماچار,هن دعويٰ ڪئي ته ڪنهن هڪ جماعت کي اڪثريت نه ملندي، سڀ سيٽون حاصل ڪندا، پ پ جو ڪجهه پارٽين سان مقابلو ٿيندو
سنڌ سماچار,سندس چوڻ هو ته ن ليگ سان اتحاد نه ٿيندو، وفاق ۾ به پ پ جي حڪومت ٺهي سگهي ٿي، جڏهن ته اسان سان رٺل ماڻهو پير پاڳاري وٽ ويندا
سنڌ سماچار,ڪراچي (ويب ڊيسڪ) پ پ چيئرمين بلاول ڀٽو زرداري پارٽي جي مرڪزي عهديدارن جي مقرري جو اعلان ڪري ڇڏيو
سنڌ سماچار,نوٽيفڪيشن موجب پ پ جو مرڪزي سيڪريٽري جنرل تاج حيدر هوندو، نيئر بخاري کانپوءِ سيڪريٽري جنرل جو عهدو خالي هو
سنڌ سماچار,بلاول ڀٽو زرداري پارٽي جا 5 ايڊيشنل سيڪريٽري جنرل به مقرر ڪري ڇڏيا، جن ۾ مراد علي شاهه، ذوالفقار علي بدر، صابر بلوچ، همايون خان ۽ محمود حيات شامل آهن
سنڌ سماچار,پ پ چيئرمين جي پوليٽيڪل سيڪريٽري جميل سومري طرفان مقررين جو باضابطا طور نوٽيفڪيشن به جاري ڪيو ويو آهي
سنڌ سماچار,لاڙڪاڻو (ويب ڊيسڪ) پ پ سنڌ جو صدر نثار احمد کهڙو صوبائي اسيمبلي جي ٻن تڪن تان چونڊ وڙهندو
سنڌ سماچار,نثار کهڙي جي ترجمان موجب پ پ سنڌ جي صدر صوبائي اسيمبلي جي تڪ پي ايس 11 لاڙڪاڻي ۽ پي ايس 15 ميرو خان تان نامزدگي ڪاغذ وصول ڪري ورتا آهن
سنڌ سماچار,ترجمان ٻڌايو ته نثار کهڙو سڀاڻي جمعي ڏينهن نامزدگي ڪاغذ لاڳاپيل ڊسٽرڪٽ رٽرننگ آفيسر وٽ جمع ڪرائيندو
سنڌ سماچار,هوڏانهن نثار کهڙي چيو ته پارٽي قيادت ٻنهي تڪن تي نامزدگي ڪاغذ جمع ڪرائڻ جي هدايت ڪئي آهي
سنڌ سماچار,ڪراچي (ويب ڊيسڪ) سنڌ جي قانون ۽ انساني حقن بابت نگران وزير محمد عمر سومري چيو آهي ته سنڌ اسيمبلي ۾ قانون پاس ٿيڻ باوجود ننڍي عمر جون شاديون ٿي رهيون آهن، ننڍي عمر جي شادين کي ڪنٽرول ڪرڻ جي ضرورت آهي
سنڌ سماچار,ڪراچي جي هڪ خانگي هوٽل ۾ ”سنڌ چائلڊ ميريج ريسٽرنٽ ايڪٽ 2013 تي عملدرآمد“ جي عنوان سان هڪ پروگرام منعقد ڪيو ويو، تقريب جو خاص مهمان نگران صوبائي وزير محمد عمر سومرو هو
سنڌ سماچار,محمد عمر سومري خطاب ڪندي چيو ته سنڌ ۾ ڪيترائي قانون ته ٺهن ٿا پر انهن تي عمل نه ٿو ٿئي، سنڌ اسيمبلي 2013ع ۾ قانون پاس ڪري چڪي آهي پر ان جي باوجود ننڍي عمر جي شاديون ٿي رهيون آهن، اسلام پهريون مذهب آهي جيڪو شادين تي پابندي کي قانوني حيثيت ڏئي ٿو
سنڌ سماچار,هن چيو ته اسڪولن، ڪاليجن ۽ مدرسن ۾ به شعوري مهم هلائڻ جي ضرورت آهي، اسلامي نظرياتي ڪائونسل کي به اسان سان گڏ هلڻو پوندو، ان کانسواءِ اسان هن قانون تي عمل نه ٿا ڪري سگهون، هي قانون وفاقي شريعت ڪورٽ جي ماتحت آيو آهي
سنڌ سماچار,سندس چوڻ هو ته سنڌ ۾ شادي رجسٽرار کي ٽريننگ ڏيڻ جي ضرورت آهي، حڪومت وٽ تمام گهڻا فنڊ آهن پر اهي استعمال نه ڪيا پيا وڃن، سنڌ جي اڳوڻي حڪومت سٺا قانون پاس ڪيا آهن
سنڌ سماچار,ان موقعي تي ڪميشن جو چيئرمين اقبال احمد ڏاهري، ايڊيشنل آءِ جي، سيڪريٽري هيومن رائيٽس فضل حسين اويسي ۽ ٻيا به موجود هئا
سنڌ سماچار,ڪراچي (ويب ڊيسڪ) سنڌ يونائيٽيڊ پارٽي جي صدر سيد زين شاهه اسلام آباد ۾ پرامن ”بلوچ ايڪتا مارچ“ ۾ شرڪت ڪندڙن تي طاقت جي استعمال جي سخت لفظن ۾ مذمت ڪندي چيو آهي ته وحشياڻو تشدد ۽ شيلنگ برداشت جوڳي ناهي، ڊاڪٽر ماھه رنگ سميت ڪيترين ئي عورتن ۽ ٻارن تي تشدد افسوسناڪ آهي
سنڌ سماچار,ڪراچي مان جاري ڪيل پنهنجي بيان ۾ سيد زين شاھه چيو ته حڪومت جو اهو رويو غير جمهوري، غير سياسي ۽ غير انساني عمل آھي، انصاف فراهم ڪرڻ بدران مارچ ۾ شرڪت ڪندڙن مٿان لٺيون وسايون پيون وڃن، ڪو به مهذب معاشرو پرامن احتجاج ڪندڙن تي تشدد جي اجازت نٿو ڏئي
سنڌ سماچار,هن چيو ته لانگ مارچ جي پرامن شريڪ ماڻھن جي فرياد ٻڌڻ بدران انهن کي ظلم ۽ بربريت جو نشانو بڻايو پيو وڃي، بلوچ يڪجهتي مارچ ۾ شرڪت ڪندڙن تي ان طرح جي ظالماڻي حڪمت عملي ۽ جبر سان انهن جو آواز نٿو دٻائي سگهجي، پرامن مارچ تي پوليس تشدد ذريعي بلوچن کان انساني حق کسڻ جي ڪوشش ڪئي پئي وڃي
سنڌ سماچار,سيد زين شاهه مطالبو ڪيو ته بلوچ يڪجهتي مارچ ۾ شريڪ ماڻهن تي تشدد ۽ لٺبازي جي جاچ ڪرائي وڃي، ان ۾ ملوث انتظاميا جي اهلڪارن خلاف ڪارروائي ڪري گرفتار ٿيلن کي فوري طور آزاد ڪيو وڃي
نيشنل,اسلام آباد (ويب ڊيسڪ) بلوچ اڳواڻ ڊاڪٽر ماهه رنگ بلوچ مطالبو ڪيو آهي ته بلوچستان ۾ انساني حقن جي ڀڃڪڙين تي ڪميشن جوڙيندي صوبي ۾ سي ٽي ڊي ۽ ڊيٿ اسڪواڊز جو خاتمو ڪيو وڃي ۽ گهرو وزارت پريس ڪانفرنس ڪري ڏوهن تي معافي گهري
نيشنل,اسلام آباد ۾ بلوچ يڪجهتي ڪائونسل پريس ڪلب ٻاهران احتجاج ڪيو، جنهن ۾ احتجاج ڪندڙن سان گڏ سياسي سماجي اڳواڻن ۽ عوام به وڏي انگ ۾ شرڪت ڪئي
نيشنل,پريس ڪانفرنس ڪندي ماهه رنگ بلوچ چيو ته هي احتجاج بلوچن جي حقن لاءِ آهي، اسان جبري گمشدگين خلاف آوا اٿارڻ آيا آهيون ۽ اسان جو مطالبو آهي ته جبري گمشدگين خلاف سنجيده قدم کنيا وڃن
نيشنل,هن مطالبو ڪيو ته بلوچستان ۾ انساني حقن جي ڀڃڪڙين تي ڪميشن جوڙي وڃي ۽ بلوچستان ۾ سي ٽي ڊي ۽ ڊيٿ اسڪواڊز جو خاتمو ڪيو وڃي، جڏهن ته گهرو وزارت پريس ڪانفرنس ڪندي انهن ڏوهن تي معافي گهري
نيشنل,سندس چوڻ هو ته سڀني گرفتار ڪارڪنن کي آزاد ڪيو وڃي، پرامن احتجاج خلاف ايف آءِ آرز ختم ڪيون وڃن
آرٽيڪل,بلوچستان جي معاملي کان سواءِ ڪو  اهڙو مسئلو ناهي جيڪو پاڪستان ۾ ڪنهن جي سياسي پوزيشن کي واضح ڪندو ھجي
آرٽيڪل, گذريل اربع جي رات اھا ڳالھھ تڏھن وڌيڪ چٽي ٿي جڏهن تربت کان اسلام آباد ويندڙ پرامن، ھٿين خالي  مظاهرين جي ھڪ قافلي کي وفاقي گادي واري هنڌ ۾ داخل ٿيڻ کان زبردستي روڪيو ويو
آرٽيڪل,ڪريمان بلوچ جي رت سان ٻاريل مشعل بلوچستان جي بهادر عورتن کي نئين جوش جذبي سان حقيقي جدوجهد ڏانهن مائل ڪيو آهي
آرٽيڪل, جڏهن عورت ڪنهن به تحريڪ جو بنيادي ٿنب هوندي ته اها تحريڪ تاريخ جي گواهه بڻجي فرسوده سماج ۽ غير انساني بنيادن کي ڀڃي ڀور ڪري ڇڏيندي
آرٽيڪل, حقن لاءِ جنگ هجي يا سماج جي حقيقي بنيادن تي انصاف لاءِ چئي سگهجي ٿو ته انقلاب لاءِ تاريخ جا نمايان اهم ڪردار جن ظالم وقت جي حڪمرانن جون وايون بتال ڪري ڇڏيون آهن
آرٽيڪل, ڏسجي ته تاريخ جي تسلسل ۾ هر ورق گواهي ڏيندي ته سماج رجعت پسند لاڙن کان وٺي ترقي پسند، انقلابي ۽ سياسي سوچ سان هر انتهاپسندي جو مقابلو ڪيو آهي
آرٽيڪل, عورت جنهن کي نفيس نازڪ جهڙن جذباتي گمراهه ڪندڙ جملن سان ڀيٽ ڏئي اصل سوچ ۽ حقيقي مسئلن کان منهن موڙڻ جي ڪوشش ڪئي آهي
آرٽيڪل,  انهيءَ جي باوجود ان جو سامهون يا پردي جي پويان اهم ڪردار رهيو آهي
آرٽيڪل, اسلام آباد ۾ وفاق وٽ دانھن کڻي ايندڙ ھٿين خالي نياڻين جي مارچ سان جيڪو سلوڪ وفاقي راڄڌاني ۾ ٿيو آھي ان جو مثال ملڻ مشڪل آھي، نھ رڳو ايترو پر ان سلسلي ۾ عدليھ ۾ آيل ڪيس ۾ پڻ لاڳاپيل کاتي جي عملدارن سچ جو ساٿ نھ ڏنو ۽ انھن نھ رڳو عوام پر اختيارين کي بھ گمراھ ڪيو آھي
آرٽيڪل,جڏهن کان نواز شريف ۽ نواز ليگ ” ووٽ کي عزت ڏيو“ جي نعري تان هٿ کڻي ويا آهن۔ تڏهن کان هنن اين ايف سي ايوارڊ ۽ ارڙهين ترميم  ڏانهن ڪات ڪهاڙا سڌا ڪيا آهن۔ ياد رهڻ کپي ته ارڙهين ترميم ۽ اين ايف سي ايوارڊ ننڍن صوبن جو پراڻو مطالبو هو جيڪو وڏي عرصي کان پوءِ  پاڪستان پيپلز پارٽي جرئت مندانه طريقي سان پورو ڪيو آهي-
آرٽيڪل,بلوچستان مسئلو ڳنڀيرتا جي آخري حد تائين پھچي چڪو آھي، جتي جا ماڻھو احساس محرومي سان گڏ عدم تحفظ ۽ ملڪي قانون جي ٻٽي معيار جا به شڪار آھن، جتي ھزارين سياسي ڪارڪنن ۽ نوجوانن کي جبري طور کنڀي گم ڪيو ويو آھي، ۽ ھن وقت تائين کين سوين چچريل لاش پڻ ملي چڪا آھن
آرٽيڪل, سندن شڪايتن جو ازالو ۽ ساڻن انصاف ڪرڻ لاءِ ڪير به تيار ناھي، ٻيو ته ٺھيو پر جيڪڏھن بلوچستان جا شھري خود سان ٿيندڙ ظلم ۽ زيادتين جي خلاف آواز اٿارڻ جي ڪوشش ڪن ٿا ته کين ڏاڍ ۽ ڏنڊي جي زور تي خاموش ڪرائڻ جي ڪوشش ڪئي وڃي ٿي، جيڪو غير جمھوري، غير اخلاقي ۽ غير قانوني عمل آھي، ڪنھن به شھري سان اھڙي ورتاءُ جي اجازت ملڪ جو آئين به نٿو ڏئي ۽ ايئن ڪرڻ اخلاقي طور به ٺيڪ ناھي، ڇو ته اظھار جي آزادي ھر شخص جو جمھوري ۽ بنيادي حق آھي، پر ھتي مظلوم قومن جي ٻين حقن سان گڏ اھو انساني ۽ بنيادي حق پڻ غضب ڪيو وڃي ٿو
آرٽيڪل,وچ اوڀر ۾ جاري جنگ سبب ڳاڙھي سمنڊ ۾ آمريڪي ٻيڙن تي حوثي باغين جي حملن عالمي واپار ۾ رڪاوٽ وجھڻ شروع ڪري ڇڏي آھي
آرٽيڪل,انھن باغين جو تعلق يمن سان آھي،جتي يمن جي وڏي حصي تي انھن جو ڪنٽرول آھي
آرٽيڪل,باغين خبردار ڪيو آهي ڳاڙهي سمنڊ مان اسرائيل ڏانهن ويندڙ يا اتان ايندڙ  ھر  ٻيڙي کي نشانو بڻائيندا
آرٽيڪل,دنيا ۾ اتر ڪوريا واحد ملڪ آھي جيڪو آمريڪا سان سڌي ريت مھاڏو اٽڪائي رھيو آھي
آرٽيڪل,تازو اترڪوريا جي اڳواڻ ڪم جونگ ان خبردار ڪيو آھي تھ  جيڪڏهن دشمن جوھري ھٿيارن بابت ڀڙڪايو تھ، اسين جوھري حملي ڪرڻ  کان نھ لھرائينداسين
آرٽيڪل,ھوڏانھن سيول ۽ ان جي اتحادين ”غيرمشروط ڳاليھن تي زور ڀريو آھي
آرٽيڪل,ننگر پير پٺو جنهن نه ڏٺو تنهن ڪجهھ به ناهي ڏٺو، اها چوڻي ٺٽي جي ماڻھڻ خوب ٻڌي هوندي پر اها ٻڌڻي ماضي جي پيرپٺي جي شاهڪار هجڻ جي عڪاسي ڪري ٿي
آرٽيڪل,پير پٺو جيڪو گهوڙاٻاڙي تعلقي جي ور شھر کان ٽي ڪلوميٽر گهوڙاٻاڙي شھر طرف ويندڙ هڪ  رستي تي هڪ جابلو ٽڪري تي مشتمل هڪ قديم قبرستان آھي جنهن ۾ ٽوڙھي ڦاٽڪ جي شھيد مالڪ خشڪ جي قبر پڻ آهي، ان سان گڏ سنڌ تي ڪاه ڪري آيل محمد بن قاسم جي ٻن محرابن واري هڪ بهترين مسجد ۽ هڪ وڏو ٽاور جيڪو ڊهي پٽ ٿيڻ کان پوءِ ٻيهر ٺاهيو ويو آھي
آرٽيڪل,پيرپٺي تي هڪ قديم عاليشان عار جو شھر پڻ آباد ٿيل هو جتي هندو ڌرم سان واسطو رکندڙ ماڻھن جي اڪثريت آباد ٿيل هئي عار جي شھر کان هيٺ سمنڊ ئي سمنڊ هوندو انهي سمنڊ وسيلي پري پري کان واپاري پنهنجن ٻيڙن وسيلي عار جي شهر واپاري سانگي ايندا رهندا هئا پيرپٺي تي ٺھيل ٽاور ٻيڙن لاءِ لائيٽ هائوس طور ڪتب ايندو هو جنهن کي ڏسي رات جي اُنڌاهي ۾ ڀٽڪيل واپاري ٻيڙا آڻي لنگر انداز ٿيندا هئا
آرٽيڪل,ائين کڻي چئجي ته تاريخ دانن کان ديبل بندر گاه بابت ڪجھه غلطيون ٿي ويون ڇو جو ماضي جو ديبل بندرگاه پيرپٺو ئي هوندو هو
آرٽيڪل, جتان محمد بن قاسم هن شھر تي حملي آور ٿي  وڏي ڦرلٽ ڪري باهيون ڏئي ساڙي سڄو شھر برباد ڪري ڇڏيو
آرٽيڪل, اڄ به پيرپٺي تي ساڙي تباه ڪيل عار جي شهر جا نشان موجود آھن بس ضرورٿ آھي ته هن تباه ٿيل عار جي شھر بابت تاريخ دانن ۽ کوجنا ڪندڙ جي هڪ نظر جي ضرورت آھي جتان کين ديبل بندر گاه بابت سڄو مواد ملي ويندو
آرٽيڪل,ماضي جي حملي آوارن جا ستم سهي سينو ساهي بيهندڙ پير پٺي جي پيٽ کي چيري ذوالفقار آباد ڪوسٽل هاءِ وي لاءِ پٿر ۽ مٽي ڪڍي هن قديم ٽڪري کي تباه ڪري آثار قديمه ۽ قبرستان کي ختم ڪرڻ جي ڪوشش ڪئي پئي وڃي
آرٽيڪل, پر انهي طرف ڪنهن جو به ڌيان ناهي
آرٽيڪل,جيڪڏهن جلد ئي هن طرف ڌيان نه ڏنو ويو ته هي قديم قبرستان ۽ پيرپٺو پنهنجو وجود وڃائي ويهندا…
آرٽيڪل,نگران حڪومت جي ايجنڊا ”ملڪ مان  قبضا مافيا جو خاتمو“ هڪ سٺو فيصلو آهي
آرٽيڪل, ”اسان جي پاليسي ڪمزورن کي سهارو ڏيڻ  هوندي
آرٽيڪل,“ اسان نگران حڪومت جي انھن جملن کي اميد جو ڪرڻو سمجھون ٿا
آرٽيڪل,جيڪي ھنن جي تقريرن ۾ عھد ۽ وعدن ڏانهن اشارو ڪندي نظر اچن ٿا
آرٽيڪل, اسان ملڪ جي مختلف حصن  خاص ڪري  ڪراچي ۾ موجوده نگران حڪومت جي پاليسيءَ قبضن ۽رشوت خوري جي خاتمي تي زور شور سان ڪم ڪندي بھ ڏٺو آهي
آرٽيڪل, انھي اميد جي ڪرڻي کي نظر ۾ رکندي نگران حڪومت جي اختيارين ۽ چيف جسٽس آف پاڪستان جو ڌيان پاڪستان اسٽيل مل جي مظلوم ريٽائرڊ ملازمن جيڪي گلشن حديد فيز 3 جا الاٽيز پڻ آھن انھن جي زمينن  تي قبضن ڏانھن ڇڪائڻ چاھيان ٿو
آرٽيڪل,ملڪ ۾ مھانگائي عام ماڻھون جي رواجي زندگيءَ کي مفلوج ڪري ڇڏيو آھي
آرٽيڪل, اھڙي دور ۾ بھ حڪومت ملازمت ڪندڙن جي گھٽ ۾گھٽ پگھار 32 ھزار رپيا ماھوار مقرر ڪئي آھي جيڪا بھ ھر اداري ۾ انھن کي نٿي ملي
رانديون,بگ بيش ليگ ۾ ميلبورن اسٽارز جي نمائندگي ڪندڙ پاڪستاني فاسٽ بالر حارث رئوف ٽائم آئوٽ کان بچڻ لاءِ گلوز ۽ پييڊ پائڻ بنا ئي ميدان ۾ اچي ويو
رانديون,اوول ڪرڪيٽ گرائونڊ ۾ ميلبورن اسٽارز ۽ سڊني ٿنڊرز وچ ۾ بگ بيش ليگ جي ميچ دوران مزاحيه واقعو ان وقت پيش آيو، جڏهن حارث رئوف پنهنجا گلوز ۽ پيڊ پائڻ بنا ئي بيٽنگ ڪرڻ لاءِ گرائونڊ ۾ پهچي ويو
رانديون,ميچ ۾ اننگز جو آخري اوور شروع ٿيو ته 6 رانديگر آئوٽ هئا ۽ حارث رئوف سمجهيو ته ان جو وارو نه ايندو، جنهن سبب هو تيار نه هو پر 3 لڳاتار وڪيٽون ڪرڻ کانپوءِ حارث کي ڪريز تي اچڻو پيو ۽ هو ٽائم آئوٽ ٿيڻ کان بچڻ لاءِ بنا حفاظتي ڪٽ جي ميدان ۾ لهي پيو
رانديون,آن فيلڊ امپائرن پاڪستاني فاسٽ بالر کي بنا حفاظتي ڪٽ جي بيٽنگ ڪرڻ جي اجازت نه ڏني، جنهن کانپوءِ حارث رئوف دستانا ۽ هيلمٽ پاتو پر ڇو ته هو نان اسٽرائيڪر اينڊ تي هو ۽ اننگز جو آخري بال هو، تنهن ڪري کيس پيڊ پائڻ بنا ئي کيڏڻ جي اجازت ڏني وئي
رانديون,نيلسن (ويب ڊيسڪ) بنگلاديش جي اوپنر سوميا سرڪار شاندار سينچري اسڪور ڪري سچن ٽنڊولڪر جو رڪارڊ ٽوڙي ڇڏيو
رانديون,سوميا سرڪار رڳو 151 بالن تي پنهنجي ڪيريئر جو بهترين ون ڊي اسڪور 169 ٺاهي نيوزيلينڊ ۾ سڀ کان وڏي انفرادي اننگز کيڏڻ جو نئون رڪارڊ جوڙي ورتو
رانديون,نيلسن ۾ ڪيويز خلاف ٻي ون ڊي ميچ ۾ سوميا ليجنڊ ٽنڊولڪر جو 14 سال پراڻو رڪارڊ پنهنجي نالي ڪري ورتو
رانديون,اهو نيوزيلينڊ ۾ ڪنهن به ايشين بيٽر جو سڀ کان وڏو اسڪور آهي، ان کان اڳ سچن ٽنڊولڪر 163 رنسون ٺاهيون هيون، هن اهو ڪارنامو 2009 ۾ ڪرائسٽ چرچ ۾ انجام ڏنو هو
رانديون,ميلبورن (ويب ڊيسڪ) قومي ٽيم جو فاسٽ بالر خرم شهزاد انجري سبب آسٽريليا خلاف ٽيسٽ سيريز کان ٻاهر ٿي ويو آهي
رانديون,پرٿ ٽيسٽ ۾ ڊيبيو ڪندڙ خرم شهزاد سائيڊ اسٽرين جو شڪار ٿيو هو، هن پهرين ميچ جي ٻي اننگز ۾ مجموعي طور 5 وڪيٽون ورتيون هيون
رانديون,واضح رهي ته پاڪستان ۽ آسٽريليا وچ ۾ ٻي ٽيسٽ ميچ 26 ڊسمبر کان ميلبورن ۾ شروع ٿيندي
رانديون,ميلبورن (ويب ڊيسڪ) قومي ڪرڪيٽ ٽيم جي نوجوان مڊل آرڊر بيٽر سعود شڪيل چيو آهي ته ڪوتاهين مان سکنداسين ۽ پرٿ ۾ ڪيل غلطيون نه ورجائينداسين
رانديون,پاڪستان ڪرڪيٽ ٽيم پرٿ ٽيسٽ هارائڻ کانپوءِ باڪسنگ ڊي ٽيسٽ لاءِ ميلبورن پهچي وئي آهي، جتي اها ڪينگروز خلاف 26 ڊسمبر کان ميدان ۾ لهندي
رانديون,ميلبورن ۾ پريڪٽس کانپوءِ صحافين سان ڳالهائيندي سعود شڪيل چيو ته ڪوتاهين مان سکنداسين ۽ ڪوشش ڪنداسين ته پهرين ٽيسٽ ميچ ۾ ڪيل غلط نه ورجايون
رانديون,هن چيو ته اڄ اسان جو پريڪٽس سيشن سٺو رهيو، ايم سي جي ۾ کيڏڻ جي خواهش هئي، جيڪا پوري ٿي رهي آهي، هتي کيڏڻ جو پريشر ضرور آهي پر ڪوشش هوندي ته ميلبورن ۾ ٽيم لاءِ سٺو اسڪور ڪيان
رانديون,انڊين پريميئر ليگ (آءِ پي ايل) 2024 جي آڪشن دوران بالي ووڊ اداڪارا پريتي زنٽا پنهنجي فرنچائز پنجاب ڪنگز لاءِ غلط رانديگر جي چونڊ ڪري ورتي
رانديون,ايڪس تي آءِ پي ايل 2024 جي آڪشن جي هڪ وڊيو وائرل ٿي رهي آهي، جنهن ۾ ڏسي سگهجي ٿو ته پنجاب ڪنگز جي شريڪ مالڪ اداڪارا پريتي زنٽا غلط رانديگر کي آڪشن ۾ خريدي ورتو
رانديون,وڊيو ۾ ڏسي سگهجي ٿو ته آءِ پي ايل آڪشن دوران آرگنائيزر ششانڪ سنگهه نالي لاءِ شروعاتي ٻولي 20 لک رپيا لڳائي ته پنجاب ڪنگز طرفان پريتي زنٽا پنهنجو ڪارڊ ڏيکاري ان کي خريد ڪري ورتو، ڪجهه دير کانپوءِ ئي کيس پنهنجي غلطي جو احساس ٿيو پر تيستائين دير ٿي چڪي هئي
رانديون,پريتي زنٽا رانديگر جي نيلامي لاءِ پيڊل کنيو ۽ آرگنائيزر پليئر جي پنجاب ڪنگز ۾ شموليت جو اعلان ڪري ڇڏيو پر اداڪارا فيصلو واپس وٺڻ جي درخواست ڪئي ته ميزبان انڪار ڪري ڇڏيو، جنهن کانپوءِ هو رانديگر پنجاب ڪنگز جو حصو بڻجي ويو
رانديون,اهڙو واقعو آءِ پي ايل جي تاريخ ۾ پهريون ڀيرو پيش آيو آهي، جنهن جي وڊيو تيزي سان وائرل ٿي رهي آهي
رانديون,لاهور (ويب ڊيسڪ) اڳوڻي قومي ڪرڪيٽر اظهر علي کي پاڪستان ڪرڪيٽ بورڊ ۾ اهم ذميواريون ملڻ جو امڪان آهي
رانديون,پاڪستان ڪرڪيٽ بورڊ ڪجهه ڏينهن اڳ ڊائريڪٽر نيشنل ڪرڪيٽ اڪيڊمي لاءِ اشتهار جاري ڪيو هو پر ذريعن جو چوڻ آهي ته ان عهدي لاءِ اظهر علي سان ڳالهه ٻولهه جاري آهي ۽ معاملا گهڻي حد تائين حل ٿي چڪا آهن
رانديون,ذريعن موجب اظهر علي کي نيشنل ڪرڪيٽ اڪيڊمي جو ڊائريڪٽر بڻائڻ جي معاملي تي هن مهيني جي آخر ۾ حتمي اعلان ڪيو ويندو ۽ اڳوڻو ڪپتان ايندڙ مهيني پنهنجي عهدي جي چارج سنڀاليندو
رانديون,واضح رهي ته اظهر علي پاڪستان لاءِ 97 ٽيسٽ ۽ 53 ون ڊي ميچون کيڏيون
رانديون,لاهور (ويب ڊيسڪ) پنجاب پوليس قومي ڪرڪيٽ ٽيم جي آل رائونڊر شاداب خان کي برينڊ ايمبيسيڊر مقرر ڪري ڇڏيو
رانديون,شاداب خان جي آءِ جي پنجاب ڊاڪٽر عثمان انور سان ملاقات ٿي، ان موقعي تي آل رائونڊر کي اعزازي ڊي ايس پي جا رينڪ به لڳايا ويا
رانديون,شاداب خان اعزازي ڊي ايس پي مقرر ڪرڻ تي آءِ جي پنجاب کي سليوٽ ڪيو ۽ سندس ٿورا به مڃيا
رانديون,سوشل ميڊيا تي جاري ڪيل بيان ۾ شاداب خان چيو ته مون کي پنجاب پوليس جو حصو بڻجڻ تي خوشي آهي، آءِ جي پنجاب ۽ پوليس کاتي مون کي اعزازي ڊي ايس پي بڻايو آهي، مون کي ان تي فخر آهي
رانديون,دبئي (ويب ڊيسڪ) آءِ سي سي ون ڊي رينڪنگ ۾ قومي ڪرڪيٽ ٽيم جي اڳوڻي ڪپتان بابر اعظم ڀارتي بيٽر شبمن گل کان پهرين پوزيشن کسي ورتي
رانديون,بابر اعظم هڪ ڀيرو ٻيهر ون ڊي رينڪنگ ۾ پهرين پوزيشن تي اچي ويو، آءِ سي سي جي نئين رينڪنگ موجب بابر اعظم 824 پوائنٽن سان ون ڊي بيٽرن جي فهرست ۾ پهرئين نمبر تي اچي ويو آهي، جڏهن ته شبمن گل 810 پوائنٽن سان ٻئي نمبر تي آهي، ويرات ڪوهلي ۽ روهت شرما تربيت وار ٽئين ۽ چوٿين نمبر تي آهن
رانديون,ٽي ٽوئنٽي رينڪنگ ۾ سوريا ڪمار جي پهرين، محمد رضوان جي ٻي، ايڊن مارڪرم جي ٽين ۽ بابر اعظم جي چوٿين پوزيشن آهي
رانديون,لاهور (ويب ڊيسڪ) پاڪستان ڪرڪيٽ بورڊ جي مئنيجمينٽ ڪميٽي جي سربراهه ذڪا اشرف جي بابر اعظم کي ڪپتاني تان هٽائڻ بابت مبينا آڊيو منظر تي اچي وئي
رانديون,سوشل ميڊيا تي هڪ مبينا آڊيو وائرل ٿي رهي آهي، جنهن ۾ ذڪا اشرف ورلڊ ڪپ ۾ خراب ڪارڪردگي کانپوءِ بابر اعظم جي ڪپتاني ڇڏڻ ۽ شاهين آفريدي کي محدود فارميٽ جي ڪپتاني بابت هڪ عورت سان گفتگو ڪري رهيو آهي
رانديون,ذڪا اشرف مبينا آڊيو ۾ چئي ٿو ته بابر کي ٻن فارميٽن جي ڪپتاني ڇڏڻ جو چيو ويو هو، بابر جواب ڏنو ته فيملي سان مشورو ڪري ٻڌائيندس پر فيملي بدران هن فلحه نالي پليئر ايجنٽ سان ڳالهايو ۽ پوءِ ٽنهي فارميٽن جي ڪپتاني ڇڏي ڏنائين
رانديون,سندس موجب پليئر ايجنٽ ٽيم جي 8 رانديگرن کي چنبي ۾ آڻي ڇڏيو آهي، ان جا رانديگرن سان فيملي ٽرم آهن، بابر ٽيسٽ جي ڪپتاني کان انڪار ڪيو ته ان وقت اسان لاءِ پلان بي تيار هو، شان مسعود کي ڪپتاني ڏني وئي ۽ شاهين کي ٽي ٽوئنٽي فارميٽ جو ڪپتان بڻايو ويو
رانديون,ان موقعي تي اڻڄاتل عورت چيو شاهين به ته پنهنجي سهري شاهد آفريدي جي ڪنٽرول ۾ آهي، هو سهرو آهي پر تمام گهڻي مداخلت ڪندو آهي
رانديون,آسٽريلوي ڪرڪيٽ ٽيم جو فاسٽ بالر مچل اسٽارڪ آءِ پي ايل جي تاريخ جو مهانگو ترين رانديگر بڻجي ويو
رانديون,آءِ پي ايل سيزن 2024 لاءِ رانديگرن جي ٻولي جي تقريب 19 ڊسمبر تي ٿي، جنهن ۾ فرنچائز پنهنجي ٽيم لاءِ بهترين رانديگرن کي ڪروڙين رپين ۾ خريد ڪيو
رانديون,آءِ پي ايل ۾ سن رائزرز حيدرآباد تازو آءِ سي سي ورلڊ ڪپ کٽيندڙ ٽيم جي ڪپتان پيٽ ڪمنز کي ساڍا 20 ڪروڙ ڀارتي رپين ۾ خريد ڪيو، جنهن کانپوءِ ڪمنز آءِ پي ايل جي تاريخ جو مهانگو ترين رانديگر بڻيو
رانديون,پر ڪمنز جو رڪارڊ ڪجهه منٽن ۾ ئي ٽٽي ويو ۽ شاهه رخ خان جي فرنچائز ڪلڪتا نائيٽ رائيڊرز مچل اسٽارڪ کي رڪارڊ 24 ڪروڙ 75 لک ڀارتي رپين ۾ خريد ڪري سڀني کي حيران ڪري ڇڏيو
رانديون,جڳ مشهور فٽبالر ڪرسٽيانو رونالڊو راند جي ميدان ۾ ته سڀني کان اڳتي آهي ئي پر هن ميدان کان ٻاهر به پنهنجي مخالفن کي پوئتي ڇڏيندي هڪ ٻيو اعزاز ماڻي ورتو آهي
رانديون,پرتگال سان واسطو رکندڙ ڪرسٽيانو رونالڊو انٽرنيٽ جي دنيا ۾ به پنهنجي مخالفن کي شڪست ڏئي ڇڏي، گوگل تازو پنهنجا 25 سال مڪمل ٿيڻ تي ان تي سڀ کان وڌيڪ سرچ ڪئي ويندڙ لمحن جي مجموعي جي هڪ وڊيو پوسٽ ڪئي
رانديون,گوگل موجب ڪرسٽيانو رونالڊو گوگل جي تاريخ ۾ سڀ کان وڌيڪ سرچ ڪئي ويندڙ ايٿليٽ جو اعزاز حاصل ڪيو
رانديون,گوگل طرفان اهو اعزاز حاصل ڪرڻ تي رونالڊو انسٽاگرام تي هڪ مختصر وڊيو ڪلپ پوسٽ ڪندي لکيو ته ”گوگل جي تاريخ ۾ سڀ کان وڌيڪ سرچ ٿيندڙ ايٿليٽ جو اعزاز حاصل ڪرڻ تي شڪرگذار آهيان“
رانديون,واضح رهي ته ڪرسٽيانو رونالڊو انسٽاگرام تي 60 ڪروڙ فالوئرز حاصل ڪندڙ دنيا جو پهريون انسان به آهي
رانديون,لاهور (ويب ڊيسڪ) قومي ٽيم جي چيف سليڪٽر وهاب رياض نيوزيلينڊ جي دوري لاءِ ٽي ٽوئنٽي اسڪواڊ جو اعلان ڪري ڇڏيو
رانديون,پي سي بي هيڊ ڪوارٽر ۾ پريس ڪانفرنس ڪندي وهاب رياض چيو ته 17 رڪني ٽي ٽوئنٽي اسڪواڊ ۾ ڪپتان شاهين آفريدي، عامر جمال، عباس آفريدي، ابرار احمد، اعظم خان، بابر اعظم، فخر زمان، حارث رئوف، حسيب الله، افتخار احمد، محمد نواز، محمد رضوان، وسيم جونيئر، صاحبزادا فرحان، صائم ايوب، اسامه مير ۽ زمان خان شامل آهن
رانديون,هن ٻڌايو ته شاداب خان اسان لاءِ تمام سٺو رانديگر آهي پر بدقسمتي سان انجري سبب هو اسڪواڊ ۾ شامل نه ٿي سگهيو، جڏهن ته محمد حارث کي آرام ڏنو ويو آهي
رانديون,سندس چوڻ هو ته نسيم ۽ حسنين ريڪور ڪيو آهي، نسيم ڪرڪيٽ اڪيڊمي ۾ ري هيب ڪري رهيو آهي، اسان پي ايس ايل تائين انهن تي لوڊ نٿا وجهڻ چاهيون، اهي پي ايس ايل کيڏندا
رانديون,وهاب رياض چيو ته شان مسعود کي اسڪواڊ جو حصو ناهي بڻايو ويو پر هو مستقبل ۾ کيڏي سگهي ٿو
رانديون,واضح رهي ته پاڪستان ۽ نيوزيلينڊ جي ٽيمن وچ ۾ 5 ٽي ٽوئنٽي ميچن تي ٻڌل سيريز 12 کان 21 جنوري تائين نيوزيلينڊ ۾ ٿيندي
رانديون,ميلبورن (ويب ڊيسڪ) پاڪستان خلاف ميلبورن ۾ ٿيندڙ باڪسنگ ڊي ٽيسٽ لاءِ ڪرڪيٽ آسٽريليا پنهنجي اسڪواڊ جو اعلان ڪري ڇڏيو
رانديون,پاڪستان ۽ آسٽريليا وچ ۾ 3 ٽيسٽ ميچن تي ٻڌل سيريز جي ٻي ميچ 26 کان 30 ڊسمبر تائين ميلبورن ڪرڪيٽ گرائونڊ ۾ کيڏي ويندي، جنهن کي باڪسنگ ڊي ٽيسٽ جو نالو ڏنو ويو آهي
رانديون,باڪسنگ ڊي ٽيسٽ لاءِ آسٽريليا پرٿ ٽيسٽ جي اسڪواڊ کي برقرار رکيو آهي
رانديون,ڪرڪيٽ آسٽريليا جي 13 رڪني اسڪواڊ ۾ پيٽ ڪمنز (ڪپتان)، اسٽيو سمٿ، ٽريوس هيڊ، اسڪاٽ بولينڊ، ايليڪس ڪيري، ڪيمرون گرين، جوش هيزل ووڊ، عثمان خواجا، مارنس لبوشين، نيٿن ليون، مچل مارش، مچل اسٽارڪ ۽ ڊيوڊ وارنر شامل آهن
رانديون,واضح رهي ته پرٿ ٽيسٽ ۾ آسٽريليا پاڪستان کي 360 رنسن جي وڏي مارجن تان شڪست ڏني هئي
رانديون,ڪرائسٽ چرچ (ويب ڊيسڪ) پاڪستان وومينز ٽيم ٽين ون ڊي ميچ ۾ نيوزيلينڊ کي دلچسپ مقابلي کانپوءِ سپر اوور ۾ شڪست ڏئي ڇڏي، 3 ميچن جي سيريز نيوزيلينڊ جي ٽيم 1-2 تان کٽي ورتي
رانديون,قومي ٽيم ڪرائسٽ چرچ جي ميدان ۾ ميزبان ٽيم نيوزيلينڊ کي ساهه سڪائيندڙ مقابلي کانپوءِ سپر اوور ۾ 3 رنسن تان شڪست ڏني
رانديون,ڪيوي ٽيم پهريان کيڏندي پاڪستان ٽيم کي 252 رنسن جو هدف ڏنو، جواب ۾ پاڪستان ٽيم به 251 رنسون ٺاهي ميچ ٽاءِ ڪري ڇڏي
رانديون,سپر اوور ۾ پاڪستان ٽيم پهريان کيڏندي 11 رنسون ٺاهيون ۽ ميزبان ٽيم رڳو 8 رنسون ٺاهي سگهي
رانديون,واضح رهي ته ان کان اڳ قومي ٽيم نيوزيلينڊ کي ٽي ٽوئنٽي سيريز ۾ 1-2 تان شڪست ڏني هئي
رانديون,لاهور (ويب ڊيسڪ) قومي ڪرڪيٽ ٽيم جو آل رائونڊر شاداب خان نيوزيلينڊ جي دوري کان ٻاهر ٿي ويو
رانديون,شاداب خان پير جي انجري جو شڪار آهي ۽ کيس بهتر ٿيڻ ۾ وڌيڪ 4 هفتا لڳندا
رانديون,شاداب خان 3 ڊسمبر تي نيشنل ٽي ٽوئنٽي جي ميچ کيڏندي زخمي ٿيو هو، هو ٽورنامينٽ ۾ راولپنڊي جي ڪپتاني ڪري رهيو هو، جنهن کانپوءِ قيادت جا فرض محمد نواز انجام ڏنا هئا
رانديون,واضح رهي ته پاڪستان ڪرڪيٽ ٽيم کي جنوري 2024 ۾ ڪيويز خلاف 5 ٽي ٽوئنٽي ميچن جي سيريز کيڏڻي آهي، ٻنهي ٽيمن ۾ پهرين ميچ 12 جنوري تي آڪلينڊ ۾ کيڏي ويندي
رانديون,دبئي (ويب ڊيسڪ) انٽرنيشنل ڪرڪيٽ ڪائونسل (آءِ سي سي) آسٽريليا خلاف پرٿ ٽيسٽ ۾ سلو اوور ريٽ تي پاڪستان ڪرڪيٽ ٽيم تي ڏنڊ لاڳو ڪري ڇڏيو
رانديون,آءِ سي سي موجب پاڪستان ڪرڪيٽ ٽيم تي پرٿ ٽيسٽ ۾ سلو اوور ريٽ تي ميچ فيس جو 10 سيڪڙو ڏنڊ هنيو ويو آهي
رانديون,آءِ سي سي طرفان چيو ويو آهي ته پاڪستان جون ٽيسٽ چيمپيئن شپ جون ٻه پوائنٽون به ڪاٽيون ويون آهن، جنهن کانپوءِ پاڪستان ٽيم جي پوائنٽن جي شرح 66.67 مان 61.11 ٿي وئي آهي
رانديون,رپورٽ موجب پاڪستان ڪرڪيٽ ٽيم مقرر وقت ۾ ٻه اوور گهٽ ڪرايا
رانديون,پرٿ (ويب ڊيسڪ) اڳوڻي ڪپتان بابر اعظم آسٽريليا خلاف پهرين ٽيسٽ ۾ وڏو اعزاز ماڻي ورتو، هو تيز ترين 13 هزار انٽرنيشنل رنسون مڪمل ڪندڙ پهريون پاڪستاني بڻجي ويو
رانديون,بابر اعظم 301 اننگز ۾ 13 هزار انٽرنيشنل رنسون مڪمل ڪندڙ پهريون پاڪستاني بيٽر بڻجي ويو، ان کان اڳ اهو رڪارڊ جاويد ميانداد وٽ هو، جنهن 305 اننگز ۾ 13 هزار رنسون ٺاهيون
رانديون,محمد يوسف 322، انضمام الحق 352، جڏهن ته يونس خان 372 اننگز کيڏي اهو رڪارڊ پنهنجي نالي ڪيو هو
رانديون,واضح رهي ته بابر اعظم پرٿ ٽيسٽ جي پهرين اننگز ۾ 21 ۽ ٻي اننگز ۾ رڳو 14 رنسون ٺاهي سگهيو
رانديون,پرٿ (ويب ڊيسڪ) پاڪستان جي ٽيسٽ ڪرڪيٽ ٽيم جي ڪپتان شان مسعود چيو آهي ته اسان کي شڪست مان سکڻو پوندو، آسٽريلوي بالرن جيئن بالنگ ڪئي، اسان کي به ائين ئي ڪرڻ گهرجي ها
رانديون,ميچ کانپوءِ ڳالهائيندي شان مسعود چيو ته اسان سلو بيٽنگ ڪئي، اسان کي ٿوري تيز بيٽنگ ڪرڻ گهرجي ها، سلو بيٽنگ سبب نقصان ٿيو پر ايندڙ ميچ ۾ واپسيءَ جي ڪوشش ڪنداسين
رانديون,هن چيو ته عامر جمال ۽ خرم شهزاد ڊيبيو تي سٺي بالنگ ڪئي، اميد ته ايندڙ ميچن ۾ وڌيڪ بهتر ڪارڪردگي ڏيکاريندا
رانديون,دبئي (ويب ڊيسڪ) بنگلاديش جي ٽيم انڊر 19 ايشيا ڪپ جي فائنل ۾ يو اي اي کي 195 رنسن تان شڪست ڏئي ٽائيٽل پنهنجي نالي ڪري ورتو
رانديون,دبئي ۾ ٿيل انڊر 19 ايشيا ڪپ جي فائنل ۾ بنگلاديش جي ٽيم پهريان کيڏندي 8 وڪيٽن جي نقصان تي 282 رنسون ٺاهيون، عاشق الرحمان 129 رنسن جي اننگز کيڏي، رضوان 60 ۽ عارف الاسلام 50 رنسون ٺاهيون
رانديون,جواب ۾ يو اي اي جي سموري ٽيم 25هين اوور ۾ 87 رنسن تي ڍير ٿي وئي، بنگلاديش جي روهانت ۽ معروف 3-3، جڏهن ته اقبال حسين ۽ شيخ پرويز 2-2 وڪيٽون ورتيون
رانديون,واضح رهي ته سيمي فائنل ۾ يو اي اي جي ٽيم پاڪستان کي ۽ بنگلاديش جي ٽيم ڀارت کي شڪست ڏني هئي
شوبز,لاس اينجلس (ويب ڊيسڪ) هالي ووڊ جي سپر اسٽار ”فاسٽ اينڊ فيوريس“ جي اداڪار ون ڊيزل تي هن جي اڳوڻي معاون جنسي هراساني جو الزام لڳايو آهي
شوبز,بالي ووڊ اداڪار ون ڊيزل جي اڳوڻي پرسنل اسسٽنٽ ايسٽا جونيسن ”فاسٽ فائيو“ جي شوٽنگ دوران اداڪار ون ڊيزل جي خلاف جنسي زيادتي ڪرڻ جو الزام لڳائيندي ڪيس داخل ڪرايو آهي
شوبز,اداڪار ون ڊيزل جي اڳوڻي معاون ايسٽا جونيسن چيو آهي ته جنسي هراساني جو واقعو 2010ع ۾ ”فاسٽ فائيو“ جي شوٽنگ دوران پيش آيو جڏهن اداڪار فاسٽ اينڊ فيوريس ڪمپني سان ڪم شروع ڪيو هو
شوبز,عدالتي ڪيس موجب جنسي هراساني جي واقعي جي ٻئي ڏينهن ايسٽا جونيسن کي نوڪري تان فارغ ڪيو ويو هو
شوبز,ون ڊيزل جي اڳوڻي معاون الزام لڳايو آهي ته کيس نوڪري تان رڳو ان ڪري ڪڍيو ويو ڇو جو هن ون ڊيزل جي خواهش پوري ڪرڻ کان انڪار ڪيو هو
شوبز,ڪراچي (ويب ڊيسڪ) پاڪستاني اداڪارا ۽ ماڊل ايمن سليم شاديءَ جي ٻنڌڻ جي ٻڌجي وئي
شوبز,اداڪارا ايمن سليم ڪامران ملڪ سان گذريل ڏينهن نڪاح ڪيو ۽ ان حوالي سان هن انسٽاگرام ذريعي مداحن کي خوشخبري ٻڌائي آهي
شوبز,ايمن پنهنجي مڙس ڪامران ملڪ سان گڏ تصوير شيئر ڪندي ”الحمدالله“ لکيو
شوبز,فلم اينيمل گاني سان گڏوگڏ پرفارم ڪندڙ تناز دائودي ۽ بوبي ديول جي ٻي زال جو ڪردار نڀائيندڙ شفينا شاهه به شهرت جي اوچاين کي ڇهي رهيون آهن جن بابت ڄاڻڻ لاءِ ماڻهو بيچين نظر اچن ٿا
شوبز,ڪراچي (ويب ڊيسڪ) پاڪستان فلم انڊسٽري جي مشهور اداڪارا ميرا جي گهر مان هيرن جي هار سميت قيمتي شيون چوري ٿي ويون
شوبز,ڪراچي (ويب ڊيسڪ) ننڍي کنڊ جي مشهور ڳائڻي نور جهان جي 23هين ورسي سڀاڻي 23 ڊسمبر تي ملهائي ويندي
شوبز,ڪراچي (ويب ڊيسڪ) پاڪستاني جي خوبصورت اداڪارا ماهرا خان اڄ پنهنجي 39 هين سالگرهه ملهائي رهي آهي
شوبز,ممبئي (ويب ڊيسڪ) ڀارتي اداڪار ارباز خان 24 ڊسمبر تي ميڪ اپ آرٽسٽ شورا خان سان شادي ڪندو
شوبز,پرڏيهي ميڊيا موجب ارباز خان ۽ سندس اڳوڻي گرل فرينڊ جارجيا اينڊرياني جي بريڪ اپ جي خبرن کان پوءِ هاڻي اها خبر سامهون آئي آهي ته اداڪار هلندڙ مهيني 24 ڊسمبر تي ميڪ اپ آرٽسٽ شورا خان سان ٻي شادي ڪندو
شوبز,رپورٽ موجب ارباز خان ۽ شورا خان جي شادي جي تقريب ممبئي ۾ رٿي ويندي جنهن ۾ ان جوڙي جا ڪجهه ويجها دوست ۽ خاندان وارا شرڪت ڪندا
شوبز,لاهور (ويب ڊيسڪ) پاڪستاني اداڪارا سونيا حسين چيو آهي ته پيار ۽ محبت رڳو فلمي ڪهاڻين تائين محدود آهن
شوبز,اداڪارا خانگي ٽي وي چينل جي شو ۾ شرڪت ڪئي جتي هن پنهنجي شوبز ڪيريئر جي جدوجهد ۽ زندگي جي اهم مرحلن بابت ڳالهه ٻولهه ڪئي
شوبز,ميزبان اداڪارا کان سندس ڪاميابي جو نسختو پڇيو جنهن تي سونيا حسين چيو ته آئون رڳو پنهنجي ڪار ۾ ويهندي آهيان ۽ پوءِ پنهنجو ڪم ڪندي آهيان
شوبز,محبت بابت ڳالهائيندي اداڪارا جو چوڻ هو ته هوءَ هاڻي اصلي ۽ جعلي محبت وچ ۾ فرق ڪري سگھي ٿي، پيار ۽ محبت رڳو فلمي ڪهاڻين تائين محدود آهن
شوبز,ممبئي (ويب ڊيسڪ) شوٽنگ دوان سيٽ تي ڀارتي ڊراما انڊسٽري جي مشهور اداڪارا ڇوي متل جي وارن ۾ باهه لڳي وئي
شوبز,ڀارتي ميڊيا موجب ڇوي متل پنهنجي آفيشل انسٽاگرام اڪائونٽ ۽ يوٽيوب چينل تي پنهنجي هڪ وڊيو پوسٽ ڪئي جنهن ۾ اداڪارا پنهنجي ايندڙ پراجيڪٽ جي شوٽنگ دوران سيٽ تي موجود پنهنجي مڙس موهت حسين سان ڳالهائي رهي هئي
شوبز,انهيءَ دوران، ڇوي متل جي وارن ۾ باهه لڳي وئي ته جيڪا خوش قسمتي سان سندس ساٿي اداڪار ڪرن گروور ڏسي ورتي جڏهن ته اداڪارا وارن ۾ لڳل باهه کان اڻڄاڻ هئي
شوبز,ڪرن فوري طورتي اداڪارا جي وارن ۾ لڳل باهه وسائي جنهن تي اداڪارا چيو ته مون کي سڙڻ جي بوءِ اچي رهي هئي پر مون کي خبر نه هئي ته منهنجا وار سڙي رهيا آهن
شوبز,باهه وسڻ کان پوءِ ڇوي متل پڇيو ته ڇا منهنجا وار سڙيا آهن؟ جنهن تي ڪرن کيس چيو ته ها سڙيا آهن
شوبز,ڪراچي (ويب ڊيسڪ) اداڪارا سجل علي طرفان انسٽاگرام تي هڪ پوسٽ ڪئي وئي آهي جنهن کانپوءِ کيس تنقيد جو نشانو بڻيو پيو وڃي ۽ کيس زهر قرار ڏنو ويو آهي
شوبز,ڪراچي (ويب ڊيسڪ) ماڊل ۽ اداڪارا ڪرن اشفاق اڳوڻي مڙس اداڪار عمران اشرف سان طلاق جو سبب ٻڌائي ڇڏيو
شوبز,ڪرن اشفاق هڪ پوڊ ڪاسٽ ۾ اداڪار عمران اشرف سان پنهنجي شادي ختم ٿيڻ جي حوالي سان ٻڌايو ته شادي ۾ گھڻا مسئلا هئا، مڙس جو سپورٽ ڪرڻ ضروري هوندو آهي جيڪو منهنجي شادي ۾ نه هو
شوبز,اداڪارا ٻڌايو ته منهنجي ماءُ مون کي هڪ ئي ڳالهه چوندي هئي ته برداشت ڪجان ۽ منهنجي ماءُ منهنجي پيءُ کي ڪجهه نه ٻڌائيندي هئي ڇو جو کيس خبر هئي ته جنهن ڏينهن منهنجي پيءُ کي خبر پئي ته اهو برداشت نه ڪري سگھندو ۽ ائين ئي ٿيو، منهنجي طلاق جي خبر پوندي ئي هو 5،6 ڏينهن اسپتال ۾ داخل رهيو، طلاق جي ڪري ذهني اذيت ۾ مبتلا رهيس ۽ منهنجي ايتري همت نه هئي جو آئون پنهنجن ڀائرن سان ڳالهايان
شوبز,ڪرن اشاف جو چوڻ هو ته هن ملڪ ۾ رڳو ڇوڪريءَ جي طلاق ٿيندي آهي ڇوڪري جي نه، ماڻهو مون کي چوندا آهن ته مسئلا هئا ته پهريان ڇو نه ڇڏيئيس، ڇو جو منهنجي امي نه پئي ڇڏڻ ڏئي، برداشت ڪرڻ جو ئي چوندي هئي، مون کي 5 سالن ۾ ڪنهن به قسم جي تقريبن ۾ وڃڻ جي اجازت نه هئي
شوبز,باليووڊ جا ٽي خانز هڪ فلم ۾ ڪم ڪرڻ جو ڪيترو معاوضو وٺندا آهن؟
شوبز,باليووڊ توڙي هاليووڊ جي اداڪارن توڙي اداڪارائن جون محبت، دريادلي يا همدردي سميت ٻيون ڪيتريون ئي ڳالهيون ته ميڊيا تي وائرل ٿينديون رهنديون آهن جن جو سندن مداحن جي زندگين تي وڏو اثر به پوندو آهي، اها به سڀ ڪنهن کي خبر هوندي ته مختلف ڪردارن طور ڪم ڪندڙ اداڪار فلمن ۾ ڪم ڪرڻ لاءِ ڳرا معاوضا وٺندا آهن، پر ڇا توهان کي خبر آهي ته باليووڊ تي راج ڪندڙ ٽي خان، سلمان خان، عامر خان ۽ شاهه رخ خان هر فلم جو ڪيترو معاوضو وٺندا آهن؟
شوبز,ڪوڪ اسٽوڊيو جي گاڏي ”ڪنا ياري“ ذريعي شهرت ماڻيندڙ پاڪستان جي پهرين باحجاب بلوچي ريپر ايوا بي فالوئرز لاءِ هڪ دلچسپ وڊيو شيئر ڪري ڇڏي
شوبز,حجاب سان اسٽيج تي سر وکيريندڙ ايوا بي هڪ رڪشي ۾ سفر دوران پنهنجي وڊيو شيئر ڪئي آهي
شوبز,وڊيو ۾ ڏسي سگهجي ٿو ته ايوا بي جنهن رڪشي ۾ سوار آهي، ان ۾ گلوڪارا جو ئي گانو ”ڪنا ياري“ هلي رهيو آهي
شوبز,ايوا بي وڊيو جي ڪيپشن ۾ لکيو ته هاڻ رڪشي واري کي ڪيئن ٻڌايان ته اهو منهنجو گانو آهي
شوبز,فالوئرز ان وڊيو کي بهترين قرار ڏيندي ايوا بي لاءِ تعريفي تبصرا ڪري رهيا آهن
شوبز,ممبئي: (ويب ڊيسڪ) بالي ووڊ اداڪارا ڪرينا ڪپور جو چوڻ آهي ته ماڻهو شرٽس لاهڻ سان نه پر اداڪاري سان متاثر ٿيندا آهن
شوبز,ڪراچي (ويب ڊيسڪ) پاڪستان شوبز انڊسٽري جي مشهور اداڪار محب مرزا بهترين اداڪاريءَ جو ايوارڊ کٽي ورتو
شوبز,اداڪار محب مرزا ايوارڊ سان گڏ پنهنجي تصوير انسٽاگرام تي شيئر ڪندي خوشيءَ جو اظهار ڪيو
شوبز,ڪراچي (ويب ڊيسڪ) ٽي وي ڊراما جي ناليواري ليکڪ خليل الرحمان قمر هڪ ڀيرو وري ماهرا خان سان شديد ناراضگي جو اظهار ڪندي چيو آهي ته آئون اداڪارا کان ناراض نه آهيان پر سندس عمل کان نفرت آهي
شوبز,خليل الرحمان قمر هڪ تازي انٽرويو دوران شوبز انڊسٽري جي ڪجهه اداڪارن سان ناراضگي ۽ تڪرارن تي ڳالهائيندي چيو ته جنهن اداڪار سان گڏ آئون ٻيون ڀيرو ڪم ڪيو آهي ان سان منهنجو ڪو به جهيڙو ناهي، جڏهن اوهان مون کي ڪاوڙ ڏيکاريندا ته ياد رکو ته پاڪستان ۾ مون کان وڌيڪ ڪاوڙيل ڪو به نه آهي
شوبز,هن چيو ته ليکڪ جي عزت نه ڪندئو ته آئون به ڪنهن جي عزت نه ڪندس
شوبز,ماهران خان سان ناراضگي جو سبب پڇڻ تي خليل الرحمان قمر چيو ته ماهرا خان کان ناراض نه آهيان پر سندس عمل کان مون کي نفرت آهي، آئون نفرت ڪندڙ ماڻهو نه آهيان، ناراضگي ختم ٿي ويندي آهي پر نفرت نه
شوبز,خليل الرحمان قمر چيو ته نفرت ختم ڪرڻ لاءِ ضروري آهي ته ماهرا خان مون کان معافي وٺي، ان کان وڌيڪ ڪجهه نٿو ڪري سگھان
شوبز,ڪراچي (ويب ڊيسڪ) مشهور گلوڪار ۽ موسيقار شيراز پل چيو آهي ته هڪ ته آئيمه بيگ سندس بڻايل گيت (فنڪاري) چوري ڪيو ۽ پوءِ هن کي ئي غلط ثابت ڪرڻ جي ڪوشش ڪري مٿس چوريءَ جو الزام لڳايو
شوبز,پنهنجي هڪ تازي انٽرويو ۾ شيراز پل جو چوڻ هو ته هڪ ته آئمه بيڪ هن جو گيت چوري ڪيو ۽ ٻيو وري دعويٰ ڪئي ته گيت جي شاعري هن مرحوم شڪيل سان گڏجي لکي
